"date","Generation","Demand"
"2023-02-27 24:00","1985","4794"
"2023-02-27 24:01","2012","4799"
"2023-02-27 24:02","2020","4803"
"2023-02-27 24:03","2019","4814"
"2023-02-27 24:04","2025","4817"
"2023-02-27 24:05","2045","4819"
"2023-02-27 24:06","2028","4792"
"2023-02-27 24:06","2029","4788"
"2023-02-27 24:08","2026","4789"
"2023-02-27 24:09","2028","4741"
"2023-02-27 24:10","2050","4759"
"2023-02-27 24:11","2054","4773"
"2023-02-27 24:12","2059","4802"
"2023-02-27 24:13","2045","4774"
"2023-02-27 24:14","2056","4829"
"2023-02-27 24:15","2057","4798"
"2023-02-27 24:16","2064","4791"
"2023-02-27 24:17","2037","4770"
"2023-02-27 24:18","2024","4792"
"2023-02-27 24:18","2030","4766"
"2023-02-27 24:20","2026","4773"
"2023-02-27 24:20","2047","4814"
"2023-02-27 24:22","2047","4792"
"2023-02-27 24:23","2044","4809"
"2023-02-27 24:24","2036","4822"
"2023-02-27 24:25","2031","4782"
"2023-02-27 24:26","2027","4805"
"2023-02-27 24:27","2035","4794"
"2023-02-27 24:28","2025","4816"
"2023-02-27 24:29","2027","4772"
"2023-02-27 24:30","2024","4781"
"2023-02-27 24:31","2024","4826"
"2023-02-27 24:32","2031","4829"
"2023-02-27 24:33","2026","4822"
"2023-02-27 24:34","2023","4813"
"2023-02-27 24:35","2045","4871"
"2023-02-27 24:36","2031","4834"
"2023-02-27 24:37","2028","4820"
"2023-02-27 24:38","2036","4786"
"2023-02-27 24:39","2057","4826"
"2023-02-27 24:40","2026","4822"
"2023-02-27 24:41","2048","4852"
"2023-02-27 24:42","2075","4827"
"2023-02-27 24:43","2086","4783"
"2023-02-27 24:44","2038","4767"
"2023-02-27 24:45","2029","4814"
"2023-02-27 24:46","2030","4827"
"2023-02-27 24:47","2035","4840"
"2023-02-27 24:48","2063","4836"
"2023-02-27 24:48","2071","4800"
"2023-02-27 24:50","2069","4813"
"2023-02-27 24:51","2049","4780"
"2023-02-27 24:52","2065","4813"
"2023-02-27 24:53","2062","4817"
"2023-02-27 24:53","2072","4815"
"2023-02-27 24:55","2028","4800"
"2023-02-27 24:56","2027","4806"
"2023-02-27 24:57","2034","4817"
"2023-02-27 24:58","2020","4791"
"2023-02-27 24:59","2035","4801"
"2023-02-28 01:00","2041","4756"
"2023-02-28 01:01","2039","4777"
"2023-02-28 01:02","2031","4768"
"2023-02-28 01:03","2027","4770"
"2023-02-28 01:04","2029","4750"
"2023-02-28 01:05","2025","4724"
"2023-02-28 01:06","2027","4738"
"2023-02-28 01:07","2027","4769"
"2023-02-28 01:08","2027","4789"
"2023-02-28 01:09","2025","4796"
"2023-02-28 01:10","2018","4793"
"2023-02-28 01:11","2021","4798"
"2023-02-28 01:12","2019","4767"
"2023-02-28 01:13","2024","4780"
"2023-02-28 01:14","2025","4798"
"2023-02-28 01:15","2057","4784"
"2023-02-28 01:16","2030","4730"
"2023-02-28 01:16","2047","4730"
"2023-02-28 01:18","2061","4684"
"2023-02-28 01:19","2041","4655"
"2023-02-28 01:20","2036","4693"
"2023-02-28 01:20","2030","4714"
"2023-02-28 01:22","2014","4718"
"2023-02-28 01:23","2061","4710"
"2023-02-28 01:24","2063","4741"
"2023-02-28 01:25","2026","4705"
"2023-02-28 01:26","2061","4717"
"2023-02-28 01:27","2033","4704"
"2023-02-28 01:28","2028","4722"
"2023-02-28 01:29","2021","4697"
"2023-02-28 01:30","2030","4701"
"2023-02-28 01:31","2027","4724"
"2023-02-28 01:32","2030","4708"
"2023-02-28 01:32","2031","4706"
"2023-02-28 01:34","2034","4706"
"2023-02-28 01:35","2035","4725"
"2023-02-28 01:36","2058","4762"
"2023-02-28 01:37","2073","4728"
"2023-02-28 01:38","2077","4796"
"2023-02-28 01:39","2027","4749"
"2023-02-28 01:40","2034","4740"
"2023-02-28 01:40","2030","4755"
"2023-02-28 01:42","2030","4745"
"2023-02-28 01:42","2030","4766"
"2023-02-28 01:43","2033","4762"
"2023-02-28 01:45","2031","4739"
"2023-02-28 01:46","2041","4763"
"2023-02-28 01:47","2040","4790"
"2023-02-28 01:48","2039","4770"
"2023-02-28 01:49","2030","4728"
"2023-02-28 01:50","2034","4714"
"2023-02-28 01:51","2024","4677"
"2023-02-28 01:52","2027","4702"
"2023-02-28 01:53","2033","4745"
"2023-02-28 01:54","2027","4743"
"2023-02-28 01:54","2070","4762"
"2023-02-28 01:56","2068","4763"
"2023-02-28 01:57","2058","4776"
"2023-02-28 01:58","2049","4785"
"2023-02-28 01:59","2030","4758"
"2023-02-28 02:00","2036","4745"
"2023-02-28 02:01","2037","4686"
"2023-02-28 02:02","2045","4702"
"2023-02-28 02:03","2044","4715"
"2023-02-28 02:04","2066","4689"
"2023-02-28 02:05","2084","4706"
"2023-02-28 02:06","2047","4689"
"2023-02-28 02:07","2018","4680"
"2023-02-28 02:08","2076","4733"
"2023-02-28 02:08","2071","4703"
"2023-02-28 02:10","2052","4699"
"2023-02-28 02:10","2049","4698"
"2023-02-28 02:12","2034","4720"
"2023-02-28 02:13","2029","4775"
"2023-02-28 02:14","2033","4771"
"2023-02-28 02:15","2033","4805"
"2023-02-28 02:16","2035","4760"
"2023-02-28 02:17","2037","4748"
"2023-02-28 02:18","2028","4744"
"2023-02-28 02:19","2038","4733"
"2023-02-28 02:20","2045","4732"
"2023-02-28 02:20","2043","4741"
"2023-02-28 02:22","2029","4704"
"2023-02-28 02:23","2030","4715"
"2023-02-28 02:24","2038","4687"
"2023-02-28 02:25","2037","4677"
"2023-02-28 02:26","2034","4688"
"2023-02-28 02:27","2038","4717"
"2023-02-28 02:28","2044","4721"
"2023-02-28 02:29","2040","4742"
"2023-02-28 02:30","2044","4752"
"2023-02-28 02:31","2036","4752"
"2023-02-28 02:32","2041","4765"
"2023-02-28 02:32","2028","4783"
"2023-02-28 02:34","2028","4766"
"2023-02-28 02:35","2056","4730"
"2023-02-28 02:36","2051","4740"
"2023-02-28 02:37","2075","4719"
"2023-02-28 02:38","2055","4718"
"2023-02-28 02:39","2051","4746"
"2023-02-28 02:40","2038","4733"
"2023-02-28 02:41","2039","4776"
"2023-02-28 02:42","2036","4739"
"2023-02-28 02:42","2043","4704"
"2023-02-28 02:44","2036","4726"
"2023-02-28 02:45","2037","4740"
"2023-02-28 02:46","2039","4720"
"2023-02-28 02:47","2037","4698"
"2023-02-28 02:48","2036","4715"
"2023-02-28 02:49","2032","4716"
"2023-02-28 02:50","2034","4721"
"2023-02-28 02:51","2067","4750"
"2023-02-28 02:52","2040","4712"
"2023-02-28 02:53","2043","4725"
"2023-02-28 02:54","2061","4727"
"2023-02-28 02:54","2040","4698"
"2023-02-28 02:56","2050","4721"
"2023-02-28 02:57","2047","4738"
"2023-02-28 02:58","2033","4681"
"2023-02-28 02:59","2031","4690"
"2023-02-28 03:00","2030","4738"
"2023-02-28 03:00","2028","4755"
"2023-02-28 03:02","2031","4740"
"2023-02-28 03:03","2049","4714"
"2023-02-28 03:04","2050","4694"
"2023-02-28 03:05","2049","4686"
"2023-02-28 03:06","2040","4663"
"2023-02-28 03:07","2041","4667"
"2023-02-28 03:08","2046","4662"
"2023-02-28 03:08","2055","4652"
"2023-02-28 03:10","2040","4652"
"2023-02-28 03:11","2048","4695"
"2023-02-28 03:12","2066","4704"
"2023-02-28 03:13","2046","4698"
"2023-02-28 03:14","2046","4703"
"2023-02-28 03:15","2039","4682"
"2023-02-28 03:16","2042","4649"
"2023-02-28 03:17","2036","4658"
"2023-02-28 03:18","2043","4659"
"2023-02-28 03:19","2040","4646"
"2023-02-28 03:20","2073","4642"
"2023-02-28 03:21","2059","4660"
"2023-02-28 03:22","2050","4665"
"2023-02-28 03:23","2081","4695"
"2023-02-28 03:24","2066","4651"
"2023-02-28 03:25","2034","4647"
"2023-02-28 03:26","2045","4672"
"2023-02-28 03:26","2121","4693"
"2023-02-28 03:28","2110","4701"
"2023-02-28 03:28","2075","4675"
"2023-02-28 03:30","2050","4600"
"2023-02-28 03:30","2040","4609"
"2023-02-28 03:32","2043","4658"
"2023-02-28 03:33","2040","4720"
"2023-02-28 03:34","2039","4745"
"2023-02-28 03:35","2043","4720"
"2023-02-28 03:35","2042","4746"
"2023-02-28 03:37","2045","4690"
"2023-02-28 03:38","2043","4686"
"2023-02-28 03:39","2043","4681"
"2023-02-28 03:40","2042","4653"
"2023-02-28 03:40","2043","4644"
"2023-02-28 03:42","2041","4642"
"2023-02-28 03:43","2046","4645"
"2023-02-28 03:44","2060","4661"
"2023-02-28 03:44","2063","4676"
"2023-02-28 03:46","2051","4680"
"2023-02-28 03:47","2042","4682"
"2023-02-28 03:48","2041","4703"
"2023-02-28 03:49","2034","4697"
"2023-02-28 03:50","2042","4710"
"2023-02-28 03:50","2046","4709"
"2023-02-28 03:52","2048","4696"
"2023-02-28 03:53","2047","4665"
"2023-02-28 03:54","2045","4633"
"2023-02-28 03:54","2048","4649"
"2023-02-28 03:56","2046","4701"
"2023-02-28 03:57","2050","4728"
"2023-02-28 03:58","2100","4744"
"2023-02-28 03:59","2082","4721"
"2023-02-28 04:00","2132","4695"
"2023-02-28 04:01","2109","4659"
"2023-02-28 04:02","2055","4663"
"2023-02-28 04:03","2032","4697"
"2023-02-28 04:04","2042","4648"
"2023-02-28 04:05","2044","4656"
"2023-02-28 04:06","2038","4653"
"2023-02-28 04:07","2039","4597"
"2023-02-28 04:08","2041","4598"
"2023-02-28 04:09","2050","4584"
"2023-02-28 04:10","2060","4612"
"2023-02-28 04:11","2075","4631"
"2023-02-28 04:12","2085","4648"
"2023-02-28 04:13","2091","4669"
"2023-02-28 04:14","2087","4657"
"2023-02-28 04:15","2092","4705"
"2023-02-28 04:16","2094","4722"
"2023-02-28 04:16","2058","4703"
"2023-02-28 04:18","2052","4654"
"2023-02-28 04:19","2069","4686"
"2023-02-28 04:20","2053","4648"
"2023-02-28 04:21","2059","4667"
"2023-02-28 04:22","2061","4656"
"2023-02-28 04:23","2066","4645"
"2023-02-28 04:24","2053","4651"
"2023-02-28 04:25","2058","4677"
"2023-02-28 04:25","2051","4688"
"2023-02-28 04:27","2071","4728"
"2023-02-28 04:28","2052","4688"
"2023-02-28 04:28","2051","4686"
"2023-02-28 04:30","2100","4711"
"2023-02-28 04:30","2092","4718"
"2023-02-28 04:32","2068","4692"
"2023-02-28 04:32","2079","4718"
"2023-02-28 04:34","2060","4688"
"2023-02-28 04:35","2081","4709"
"2023-02-28 04:36","2095","4686"
"2023-02-28 04:37","2058","4654"
"2023-02-28 04:38","2046","4638"
"2023-02-28 04:39","2052","4677"
"2023-02-28 04:40","2053","4688"
"2023-02-28 04:41","2059","4677"
"2023-02-28 04:42","2057","4757"
"2023-02-28 04:43","2057","4721"
"2023-02-28 04:44","2059","4725"
"2023-02-28 04:45","2056","4722"
"2023-02-28 04:46","2076","4760"
"2023-02-28 04:47","2053","4744"
"2023-02-28 04:48","2053","4757"
"2023-02-28 04:49","2058","4786"
"2023-02-28 04:50","2055","4786"
"2023-02-28 04:51","2047","4802"
"2023-02-28 04:52","2050","4783"
"2023-02-28 04:53","2071","4773"
"2023-02-28 04:54","2077","4757"
"2023-02-28 04:55","2054","4735"
"2023-02-28 04:56","2053","4726"
"2023-02-28 04:56","2051","4755"
"2023-02-28 04:58","2059","4757"
"2023-02-28 04:59","2068","4777"
"2023-02-28 05:00","2049","4821"
"2023-02-28 05:01","2038","4828"
"2023-02-28 05:02","2032","4842"
"2023-02-28 05:03","2035","4836"
"2023-02-28 05:04","2033","4854"
"2023-02-28 05:04","2036","4835"
"2023-02-28 05:06","2068","4861"
"2023-02-28 05:06","2057","4821"
"2023-02-28 05:08","2058","4811"
"2023-02-28 05:08","2055","4827"
"2023-02-28 05:10","2053","4793"
"2023-02-28 05:11","2076","4832"
"2023-02-28 05:12","2085","4820"
"2023-02-28 05:13","2046","4850"
"2023-02-28 05:14","2071","4844"
"2023-02-28 05:15","2054","4835"
"2023-02-28 05:16","2064","4874"
"2023-02-28 05:17","2046","4885"
"2023-02-28 05:18","2046","4927"
"2023-02-28 05:18","2045","4879"
"2023-02-28 05:20","2046","4843"
"2023-02-28 05:21","2046","4821"
"2023-02-28 05:22","2051","4821"
"2023-02-28 05:23","2058","4848"
"2023-02-28 05:24","2053","4841"
"2023-02-28 05:25","2052","4834"
"2023-02-28 05:26","2060","4831"
"2023-02-28 05:27","2055","4857"
"2023-02-28 05:28","2054","4862"
"2023-02-28 05:29","2052","4873"
"2023-02-28 05:30","2055","4855"
"2023-02-28 05:31","2051","4854"
"2023-02-28 05:32","2045","4891"
"2023-02-28 05:33","2045","4856"
"2023-02-28 05:34","2048","4841"
"2023-02-28 05:35","2065","4833"
"2023-02-28 05:36","2068","4813"
"2023-02-28 05:37","2052","4827"
"2023-02-28 05:38","2051","4847"
"2023-02-28 05:39","2054","4851"
"2023-02-28 05:40","2055","4826"
"2023-02-28 05:40","2058","4866"
"2023-02-28 05:42","2055","4854"
"2023-02-28 05:43","2083","4884"
"2023-02-28 05:44","2082","4905"
"2023-02-28 05:45","2095","4895"
"2023-02-28 05:46","2104","4902"
"2023-02-28 05:47","2108","4896"
"2023-02-28 05:48","2101","4910"
"2023-02-28 05:49","2053","4867"
"2023-02-28 05:50","2052","4883"
"2023-02-28 05:51","2056","4880"
"2023-02-28 05:52","2059","4900"
"2023-02-28 05:53","2051","4906"
"2023-02-28 05:54","2069","4936"
"2023-02-28 05:55","2056","4953"
"2023-02-28 05:56","2056","4954"
"2023-02-28 05:57","2057","4968"
"2023-02-28 05:58","2056","4986"
"2023-02-28 05:59","2055","4972"
"2023-02-28 06:00","2054","4986"
"2023-02-28 06:00","2055","5010"
"2023-02-28 06:02","2049","5054"
"2023-02-28 06:03","2043","5020"
"2023-02-28 06:04","2042","5018"
"2023-02-28 06:05","2084","5071"
"2023-02-28 06:06","2035","5007"
"2023-02-28 06:07","2067","4976"
"2023-02-28 06:08","2054","4937"
"2023-02-28 06:09","2074","4960"
"2023-02-28 06:10","2061","4973"
"2023-02-28 06:10","2075","5017"
"2023-02-28 06:12","2055","4967"
"2023-02-28 06:13","2046","4923"
"2023-02-28 06:14","2047","4949"
"2023-02-28 06:14","2061","4999"
"2023-02-28 06:15","2066","5015"
"2023-02-28 06:17","2049","5026"
"2023-02-28 06:17","2049","5066"
"2023-02-28 06:18","2066","5123"
"2023-02-28 06:20","2055","5118"
"2023-02-28 06:21","2147","5213"
"2023-02-28 06:22","2144","5141"
"2023-02-28 06:23","2129","5130"
"2023-02-28 06:24","2115","5108"
"2023-02-28 06:25","2064","5058"
"2023-02-28 06:26","2054","5116"
"2023-02-28 06:27","2084","5088"
"2023-02-28 06:28","2094","5093"
"2023-02-28 06:29","2061","5087"
"2023-02-28 06:30","2068","5078"
"2023-02-28 06:31","2089","5082"
"2023-02-28 06:32","2071","5082"
"2023-02-28 06:32","2067","5043"
"2023-02-28 06:34","2059","4999"
"2023-02-28 06:35","2057","4973"
"2023-02-28 06:36","2070","4964"
"2023-02-28 06:37","2061","4905"
"2023-02-28 06:38","2063","4930"
"2023-02-28 06:38","2046","4936"
"2023-02-28 06:40","2052","4946"
"2023-02-28 06:40","2040","4944"
"2023-02-28 06:42","2048","4953"
"2023-02-28 06:43","2038","4971"
"2023-02-28 06:44","2040","4980"
"2023-02-28 06:45","2040","4987"
"2023-02-28 06:46","2043","5029"
"2023-02-28 06:47","2048","5016"
"2023-02-28 06:48","2057","4987"
"2023-02-28 06:49","2059","4993"
"2023-02-28 06:50","2064","4979"
"2023-02-28 06:51","2066","4966"
"2023-02-28 06:52","2060","4986"
"2023-02-28 06:53","2060","4993"
"2023-02-28 06:54","2056","4952"
"2023-02-28 06:55","2057","4910"
"2023-02-28 06:56","2056","4878"
"2023-02-28 06:57","2088","4891"
"2023-02-28 06:58","2073","4902"
"2023-02-28 06:58","2077","4877"
"2023-02-28 07:00","2082","4838"
"2023-02-28 07:01","2065","4833"
"2023-02-28 07:02","2064","4873"
"2023-02-28 07:02","2055","4842"
"2023-02-28 07:03","2060","4881"
"2023-02-28 07:05","2039","4850"
"2023-02-28 07:06","2052","4905"
"2023-02-28 07:07","2056","4901"
"2023-02-28 07:08","2045","4881"
"2023-02-28 07:09","2048","4839"
"2023-02-28 07:10","2058","4832"
"2023-02-28 07:11","2050","4851"
"2023-02-28 07:12","2057","4853"
"2023-02-28 07:13","2061","4877"
"2023-02-28 07:14","2074","4896"
"2023-02-28 07:15","2054","4886"
"2023-02-28 07:16","2057","4885"
"2023-02-28 07:17","2076","4845"
"2023-02-28 07:17","2063","4869"
"2023-02-28 07:19","2057","4876"
"2023-02-28 07:20","2063","4908"
"2023-02-28 07:20","2059","4916"
"2023-02-28 07:22","2060","4878"
"2023-02-28 07:23","2060","4904"
"2023-02-28 07:24","2065","4886"
"2023-02-28 07:25","2069","4937"
"2023-02-28 07:26","2067","4896"
"2023-02-28 07:27","2071","4873"
"2023-02-28 07:28","2074","4870"
"2023-02-28 07:29","2109","4881"
"2023-02-28 07:30","2101","4872"
"2023-02-28 07:31","2100","4859"
"2023-02-28 07:32","2117","4863"
"2023-02-28 07:33","2137","4874"
"2023-02-28 07:34","2148","4886"
"2023-02-28 07:35","2104","4847"
"2023-02-28 07:36","2116","4856"
"2023-02-28 07:37","2126","4846"
"2023-02-28 07:38","2138","4843"
"2023-02-28 07:39","2138","4851"
"2023-02-28 07:40","2135","4847"
"2023-02-28 07:41","2130","4852"
"2023-02-28 07:42","2129","4830"
"2023-02-28 07:42","2129","4823"
"2023-02-28 07:44","2124","4842"
"2023-02-28 07:45","2127","4895"
"2023-02-28 07:46","2134","4897"
"2023-02-28 07:47","2132","4875"
"2023-02-28 07:48","2146","4886"
"2023-02-28 07:49","2149","4938"
"2023-02-28 07:50","2137","4931"
"2023-02-28 07:51","2101","4903"
"2023-02-28 07:52","2102","4928"
"2023-02-28 07:53","2108","4935"
"2023-02-28 07:53","2116","4940"
"2023-02-28 07:55","2114","4933"
"2023-02-28 07:56","2112","4925"
"2023-02-28 07:56","2106","4916"
"2023-02-28 07:58","2115","4920"
"2023-02-28 07:59","2113","4907"
"2023-02-28 08:00","2109","4886"
"2023-02-28 08:01","2114","4909"
"2023-02-28 08:02","2117","4874"
"2023-02-28 08:03","2124","4870"
"2023-02-28 08:04","2129","4833"
"2023-02-28 08:05","2163","4866"
"2023-02-28 08:06","2168","4867"
"2023-02-28 08:07","2186","4869"
"2023-02-28 08:08","2170","4874"
"2023-02-28 08:08","2208","4898"
"2023-02-28 08:10","2227","4914"
"2023-02-28 08:11","2225","4886"
"2023-02-28 08:12","2230","4919"
"2023-02-28 08:13","2169","4926"
"2023-02-28 08:14","2149","4904"
"2023-02-28 08:14","2127","4870"
"2023-02-28 08:16","2124","4887"
"2023-02-28 08:17","2111","4868"
"2023-02-28 08:18","2112","4897"
"2023-02-28 08:19","2100","4869"
"2023-02-28 08:20","2102","4867"
"2023-02-28 08:21","2104","4865"
"2023-02-28 08:21","2144","4908"
"2023-02-28 08:23","2135","4915"
"2023-02-28 08:23","2105","4868"
"2023-02-28 08:24","2120","4836"
"2023-02-28 08:26","2139","4854"
"2023-02-28 08:27","2132","4834"
"2023-02-28 08:28","2124","4869"
"2023-02-28 08:28","2134","4870"
"2023-02-28 08:30","2141","4860"
"2023-02-28 08:31","2129","4867"
"2023-02-28 08:32","2100","4878"
"2023-02-28 08:33","2093","4882"
"2023-02-28 08:34","2085","4892"
"2023-02-28 08:35","2094","4926"
"2023-02-28 08:36","2091","4965"
"2023-02-28 08:37","2086","4968"
"2023-02-28 08:38","2082","4963"
"2023-02-28 08:38","2088","4975"
"2023-02-28 08:40","2087","4997"
"2023-02-28 08:40","2092","5018"
"2023-02-28 08:42","2101","5012"
"2023-02-28 08:43","2095","5039"
"2023-02-28 08:44","2108","5020"
"2023-02-28 08:45","2126","5020"
"2023-02-28 08:46","2151","5041"
"2023-02-28 08:47","2164","5054"
"2023-02-28 08:48","2168","5008"
"2023-02-28 08:48","2173","5056"
"2023-02-28 08:50","2107","5083"
"2023-02-28 08:51","2105","5114"
"2023-02-28 08:52","2107","5105"
"2023-02-28 08:52","2105","5118"
"2023-02-28 08:54","2104","5102"
"2023-02-28 08:55","2112","5084"
"2023-02-28 08:56","2107","5061"
"2023-02-28 08:57","2116","5100"
"2023-02-28 08:58","2116","5106"
"2023-02-28 08:58","2119","5112"
"2023-02-28 09:00","2136","5117"
"2023-02-28 09:01","2129","5140"
"2023-02-28 09:02","2132","5117"
"2023-02-28 09:03","2178","5110"
"2023-02-28 09:04","2164","5075"
"2023-02-28 09:05","2160","5092"
"2023-02-28 09:06","2151","5125"
"2023-02-28 09:07","2174","5127"
"2023-02-28 09:08","2174","5129"
"2023-02-28 09:09","2173","5129"
"2023-02-28 09:10","2176","5140"
"2023-02-28 09:10","2189","5154"
"2023-02-28 09:12","2157","5127"
"2023-02-28 09:13","2145","5188"
"2023-02-28 09:14","2148","5207"
"2023-02-28 09:15","2142","5228"
"2023-02-28 09:16","2134","5202"
"2023-02-28 09:17","2145","5211"
"2023-02-28 09:18","2150","5238"
"2023-02-28 09:19","2166","5213"
"2023-02-28 09:20","2195","5247"
"2023-02-28 09:21","2191","5251"
"2023-02-28 09:22","2192","5231"
"2023-02-28 09:23","2197","5224"
"2023-02-28 09:24","2188","5246"
"2023-02-28 09:25","2198","5277"
"2023-02-28 09:26","2166","5284"
"2023-02-28 09:27","2177","5324"
"2023-02-28 09:27","2169","5333"
"2023-02-28 09:28","2164","5291"
"2023-02-28 09:30","2164","5277"
"2023-02-28 09:31","2165","5216"
"2023-02-28 09:32","2168","5193"
"2023-02-28 09:33","2167","5199"
"2023-02-28 09:34","2169","5214"
"2023-02-28 09:35","2170","5210"
"2023-02-28 09:36","2169","5228"
"2023-02-28 09:36","2171","5244"
"2023-02-28 09:38","2168","5267"
"2023-02-28 09:39","2169","5250"
"2023-02-28 09:40","2167","5243"
"2023-02-28 09:41","2167","5252"
"2023-02-28 09:42","2166","5263"
"2023-02-28 09:43","2168","5272"
"2023-02-28 09:44","2165","5258"
"2023-02-28 09:45","2211","5282"
"2023-02-28 09:46","2208","5232"
"2023-02-28 09:47","2199","5232"
"2023-02-28 09:47","2205","5254"
"2023-02-28 09:49","2215","5265"
"2023-02-28 09:50","2224","5274"
"2023-02-28 09:51","2217","5278"
"2023-02-28 09:52","2223","5273"
"2023-02-28 09:53","2198","5258"
"2023-02-28 09:54","2203","5257"
"2023-02-28 09:54","2192","5185"
"2023-02-28 09:56","2192","5217"
"2023-02-28 09:57","2175","5229"
"2023-02-28 09:58","2193","5239"
"2023-02-28 09:59","2195","5247"
"2023-02-28 10:00","2167","5215"
"2023-02-28 10:01","2158","5195"
"2023-02-28 10:02","2163","5203"
"2023-02-28 10:02","2173","5216"
"2023-02-28 10:04","2179","5266"
"2023-02-28 10:05","2185","5250"
"2023-02-28 10:06","2189","5255"
"2023-02-28 10:07","2190","5267"
"2023-02-28 10:08","2203","5262"
"2023-02-28 10:09","2195","5249"
"2023-02-28 10:10","2225","5259"
"2023-02-28 10:11","2242","5284"
"2023-02-28 10:12","2242","5274"
"2023-02-28 10:12","2241","5255"
"2023-02-28 10:14","2219","5285"
"2023-02-28 10:15","2183","5275"
"2023-02-28 10:16","2181","5289"
"2023-02-28 10:17","2180","5264"
"2023-02-28 10:18","2182","5255"
"2023-02-28 10:19","2184","5270"
"2023-02-28 10:20","2191","5278"
"2023-02-28 10:21","2198","5266"
"2023-02-28 10:22","2197","5302"
"2023-02-28 10:22","2199","5278"
"2023-02-28 10:24","2207","5257"
"2023-02-28 10:25","2208","5308"
"2023-02-28 10:25","2208","5288"
"2023-02-28 10:27","2206","5299"
"2023-02-28 10:27","2215","5310"
"2023-02-28 10:29","2194","5309"
"2023-02-28 10:30","2240","5359"
"2023-02-28 10:31","2211","5285"
"2023-02-28 10:32","2227","5289"
"2023-02-28 10:32","2205","5259"
"2023-02-28 10:34","2206","5200"
"2023-02-28 10:35","2188","5170"
"2023-02-28 10:36","2220","5222"
"2023-02-28 10:37","2219","5214"
"2023-02-28 10:38","2227","5202"
"2023-02-28 10:39","2217","5245"
"2023-02-28 10:40","2193","5286"
"2023-02-28 10:40","2189","5286"
"2023-02-28 10:42","2192","5238"
"2023-02-28 10:43","2236","5266"
"2023-02-28 10:44","2224","5215"
"2023-02-28 10:45","2215","5217"
"2023-02-28 10:46","2212","5191"
"2023-02-28 10:47","2240","5194"
"2023-02-28 10:48","2237","5228"
"2023-02-28 10:49","2233","5204"
"2023-02-28 10:50","2243","5220"
"2023-02-28 10:51","2259","5254"
"2023-02-28 10:52","2277","5277"
"2023-02-28 10:53","2268","5243"
"2023-02-28 10:54","2282","5226"
"2023-02-28 10:55","2286","5182"
"2023-02-28 10:56","2273","5210"
"2023-02-28 10:57","2244","5199"
"2023-02-28 10:58","2246","5189"
"2023-02-28 10:59","2224","5146"
"2023-02-28 11:00","2221","5139"
"2023-02-28 11:01","2217","5123"
"2023-02-28 11:02","2223","5158"
"2023-02-28 11:03","2231","5182"
"2023-02-28 11:04","2226","5187"
"2023-02-28 11:05","2233","5185"
"2023-02-28 11:06","2228","5201"
"2023-02-28 11:07","2224","5160"
"2023-02-28 11:08","2233","5194"
"2023-02-28 11:09","2223","5190"
"2023-02-28 11:10","2241","5193"
"2023-02-28 11:11","2233","5206"
"2023-02-28 14:48","2170","4856"
"2023-02-28 14:49","2165","4849"
"2023-02-28 14:50","2163","4814"
"2023-02-28 14:51","2164","4806"
"2023-02-28 14:52","2165","4851"
"2023-02-28 14:53","2169","4844"
"2023-02-28 14:54","2166","4852"
"2023-02-28 14:55","2164","4830"
"2023-02-28 14:55","2158","4839"
"2023-02-28 14:57","2161","4858"
"2023-02-28 14:58","2152","4826"
"2023-02-28 14:59","2170","4868"
"2023-02-28 15:00","2149","4859"
"2023-02-28 15:01","2166","4842"
"2023-02-28 15:02","2163","4863"
"2023-02-28 15:02","2149","4866"
"2023-02-28 15:04","2165","4878"
"2023-02-28 15:05","2163","4887"
"2023-02-28 15:06","2150","4874"
"2023-02-28 15:06","2160","4858"
"2023-02-28 15:08","2150","4843"
"2023-02-28 15:09","2163","4835"
"2023-02-28 15:10","2177","4801"
"2023-02-28 15:11","2160","4849"
"2023-02-28 15:12","2154","4846"
"2023-02-28 15:13","2194","4892"
"2023-02-28 15:14","2193","4873"
"2023-02-28 15:15","2135","4856"
"2023-02-28 15:16","2135","4843"
"2023-02-28 15:16","2159","4880"
"2023-02-28 15:18","2221","4851"
"2023-02-28 15:19","2194","4813"
"2023-02-28 15:20","2201","4811"
"2023-02-28 15:21","2204","4841"
"2023-02-28 15:22","2208","4867"
"2023-02-28 15:22","2170","4873"
"2023-02-28 15:24","2171","4891"
"2023-02-28 15:24","2158","4895"
"2023-02-28 15:26","2157","4905"
"2023-02-28 15:27","2159","4894"
"2023-02-28 15:28","2165","4868"
"2023-02-28 15:28","2160","4884"
"2023-02-28 15:30","2173","4901"
"2023-02-28 15:31","2163","4905"
"2023-02-28 15:32","2177","4913"
"2023-02-28 15:32","2175","4904"
"2023-02-28 15:34","2174","4930"
"2023-02-28 15:35","2166","4934"
"2023-02-28 15:36","2180","4930"
"2023-02-28 15:37","2148","4925"
"2023-02-28 15:38","2156","4954"
"2023-02-28 15:39","2156","4925"
"2023-02-28 15:40","2145","4926"
"2023-02-28 15:41","2145","4925"
"2023-02-28 15:42","2140","4925"
"2023-02-28 15:43","2148","4951"
"2023-02-28 15:44","2141","4937"
"2023-02-28 15:44","2165","4945"
"2023-02-28 15:46","2130","4916"
"2023-02-28 15:47","2139","4909"
"2023-02-28 15:48","2139","4941"
"2023-02-28 15:49","2133","4942"
"2023-02-28 15:50","2134","4963"
"2023-02-28 15:51","2142","4904"
"2023-02-28 15:52","2143","4931"
"2023-02-28 15:53","2138","4959"
"2023-02-28 15:54","2152","4975"
"2023-02-28 15:55","2136","4954"
"2023-02-28 15:56","2159","4938"
"2023-02-28 15:57","2156","4842"
"2023-02-28 15:58","2186","4917"
"2023-02-28 15:59","2154","4912"
"2023-02-28 16:00","2138","4936"
"2023-02-28 16:01","2133","4978"
"2023-02-28 16:02","2121","4965"
"2023-02-28 16:03","2123","4976"
"2023-02-28 16:04","2111","4937"
"2023-02-28 16:05","2105","4929"
"2023-02-28 16:06","2101","4938"
"2023-02-28 16:06","2107","4934"
"2023-02-28 16:07","2107","4984"
"2023-02-28 16:09","2116","4971"
"2023-02-28 16:10","2106","4942"
"2023-02-28 16:11","2107","4966"
"2023-02-28 16:11","2111","4952"
"2023-02-28 16:13","2122","4943"
"2023-02-28 16:14","2111","4918"
"2023-02-28 16:15","2111","4903"
"2023-02-28 16:16","2119","4912"
"2023-02-28 16:17","2115","4972"
"2023-02-28 16:18","2131","4982"
"2023-02-28 16:19","2155","5001"
"2023-02-28 16:20","2098","4959"
"2023-02-28 16:21","2098","4981"
"2023-02-28 16:22","2093","4991"
"2023-02-28 16:22","2092","5039"
"2023-02-28 16:24","2088","5075"
"2023-02-28 16:25","2114","5111"
"2023-02-28 16:26","2118","5092"
"2023-02-28 16:27","2131","5083"
"2023-02-28 16:28","2120","5025"
"2023-02-28 16:29","2091","4998"
"2023-02-28 16:30","2093","5018"
"2023-02-28 16:31","2095","5060"
"2023-02-28 16:32","2098","5074"
"2023-02-28 16:33","2090","5058"
"2023-02-28 16:34","2089","5077"
"2023-02-28 16:35","2088","5071"
"2023-02-28 16:36","2098","5087"
"2023-02-28 16:37","2113","5090"
"2023-02-28 16:38","2093","5098"
"2023-02-28 16:39","2080","5124"
"2023-02-28 16:40","2164","5186"
"2023-02-28 16:41","2155","5163"
"2023-02-28 16:42","2159","5129"
"2023-02-28 16:43","2206","5136"
"2023-02-28 16:44","2196","5115"
"2023-02-28 16:45","2180","5104"
"2023-02-28 16:46","2164","5131"
"2023-02-28 16:47","2130","5146"
"2023-02-28 16:48","2122","5161"
"2023-02-28 16:48","2130","5161"
"2023-02-28 16:50","2134","5112"
"2023-02-28 16:50","2136","5076"
"2023-02-28 16:52","2134","5086"
"2023-02-28 16:53","2154","5118"
"2023-02-28 16:54","2150","5125"
"2023-02-28 16:55","2150","5127"
"2023-02-28 16:56","2144","5105"
"2023-02-28 16:57","2141","5127"
"2023-02-28 16:58","2145","5137"
"2023-02-28 16:59","2136","5152"
"2023-02-28 17:00","2127","5129"
"2023-02-28 17:01","2123","5121"
"2023-02-28 17:02","2124","5106"
"2023-02-28 17:03","2110","5105"
"2023-02-28 17:04","2112","5048"
"2023-02-28 17:05","2120","5074"
"2023-02-28 17:06","2137","5087"
"2023-02-28 17:07","2151","5025"
"2023-02-28 17:08","2138","5019"
"2023-02-28 17:09","2130","5004"
"2023-02-28 17:10","2138","5017"
"2023-02-28 17:11","2118","4991"
"2023-02-28 17:12","2123","4987"
"2023-02-28 17:13","2140","5002"
"2023-02-28 17:14","2145","5019"
"2023-02-28 17:15","2141","5038"
"2023-02-28 17:16","2132","4979"
"2023-02-28 17:17","2146","4953"
"2023-02-28 17:18","2164","5024"
"2023-02-28 17:19","2155","5043"
"2023-02-28 18:51","2198","5259"
"2023-02-28 18:52","2211","5250"
"2023-02-28 18:53","2212","5254"
"2023-02-28 18:54","2183","5255"
"2023-02-28 18:55","2195","5264"
"2023-02-28 18:56","2188","5247"
"2023-02-28 18:57","2193","5237"
"2023-02-28 18:57","2193","5242"
"2023-02-28 18:59","2201","5216"
"2023-02-28 19:00","2204","5224"
"2023-02-28 19:01","2218","5208"
"2023-02-28 19:02","2214","5212"
"2023-02-28 19:03","2216","5208"
"2023-02-28 19:04","2231","5203"
"2023-02-28 19:05","2222","5205"
"2023-02-28 19:06","2222","5176"
"2023-02-28 19:06","2230","5205"
"2023-02-28 19:08","2239","5146"
"2023-02-28 19:09","2248","5176"
"2023-02-28 19:10","2252","5181"
"2023-02-28 19:11","2258","5105"
"2023-02-28 19:12","2258","5136"
"2023-02-28 19:13","2259","5133"
"2023-02-28 19:14","2265","5148"
"2023-02-28 19:15","2290","5131"
"2023-02-28 19:16","2283","5103"
"2023-02-28 19:16","2291","5119"
"2023-02-28 19:18","2291","5106"
"2023-02-28 19:19","2305","5078"
"2023-02-28 19:20","2288","5063"
"2023-02-28 19:21","2263","5056"
"2023-02-28 19:22","2288","5075"
"2023-02-28 19:23","2256","5094"
"2023-02-28 19:24","2252","5066"
"2023-02-28 19:25","2253","5070"
"2023-02-28 19:26","2250","5082"
"2023-02-28 19:27","2255","5102"
"2023-02-28 19:28","2238","5078"
"2023-02-28 19:29","2245","5045"
"2023-02-28 19:30","2237","4996"
"2023-02-28 19:31","2251","4998"
"2023-02-28 19:32","2242","5002"
"2023-02-28 19:33","2238","5003"
"2023-02-28 19:33","2232","4998"
"2023-02-28 19:35","2230","4981"
"2023-02-28 19:36","2243","4974"
"2023-02-28 19:37","2257","5005"
"2023-02-28 19:38","2276","5017"
"2023-02-28 19:39","2246","5026"
"2023-02-28 19:40","2247","4984"
"2023-02-28 19:41","2236","4955"
"2023-02-28 19:42","2247","4975"
"2023-02-28 19:42","2245","4995"
"2023-02-28 19:44","2254","5031"
"2023-02-28 19:45","2235","4996"
"2023-02-28 19:46","2250","4971"
"2023-02-28 19:47","2254","4982"
"2023-02-28 19:48","2287","4992"
"2023-02-28 19:48","2283","4954"
"2023-02-28 19:50","2317","4983"
"2023-02-28 19:50","2279","4955"
"2023-02-28 19:52","2274","4950"
"2023-02-28 19:53","2254","4945"
"2023-02-28 19:54","2233","4923"
"2023-02-28 19:55","2235","4946"
"2023-02-28 19:56","2237","4909"
"2023-02-28 19:57","2247","4905"
"2023-02-28 19:58","2263","4870"
"2023-02-28 19:59","2268","4886"
"2023-02-28 20:00","2286","4899"
"2023-02-28 20:01","2276","4863"
"2023-02-28 20:02","2260","4846"
"2023-02-28 20:03","2258","4896"
"2023-02-28 20:04","2251","4874"
"2023-02-28 20:05","2249","4805"
"2023-02-28 20:06","2252","4811"
"2023-02-28 20:07","2264","4802"
"2023-02-28 20:08","2253","4772"
"2023-02-28 20:09","2253","4774"
"2023-02-28 20:10","2269","4820"
"2023-02-28 20:10","2294","4780"
"2023-02-28 20:12","2303","4770"
"2023-02-28 20:13","2301","4774"
"2023-02-28 20:14","2295","4807"
"2023-02-28 20:15","2294","4855"
"2023-02-28 20:16","2304","4857"
"2023-02-28 20:17","2306","4893"
"2023-02-28 20:18","2290","4844"
"2023-02-28 20:19","2289","4835"
"2023-02-28 20:20","2318","4800"
"2023-02-28 20:21","2304","4752"
"2023-02-28 20:21","2310","4788"
"2023-02-28 20:22","2310","4816"
"2023-02-28 20:24","2319","4853"
"2023-02-28 20:24","2322","4854"
"2023-02-28 20:26","2326","4790"
"2023-02-28 20:27","2325","4771"
"2023-02-28 20:28","2323","4786"
"2023-02-28 20:29","2318","4819"
"2023-02-28 20:30","2312","4785"
"2023-02-28 20:30","2310","4804"
"2023-02-28 20:32","2305","4776"
"2023-02-28 20:33","2292","4773"
"2023-02-28 20:34","2286","4765"
"2023-02-28 20:35","2283","4766"
"2023-02-28 20:36","2277","4763"
"2023-02-28 20:37","2267","4771"
"2023-02-28 20:38","2272","4779"
"2023-02-28 20:39","2287","4771"
"2023-02-28 20:40","2302","4726"
"2023-02-28 20:41","2288","4783"
"2023-02-28 20:42","2285","4755"
"2023-02-28 20:43","2283","4742"
"2023-02-28 20:44","2303","4753"
"2023-02-28 20:44","2306","4707"
"2023-02-28 20:46","2312","4705"
"2023-02-28 20:47","2306","4723"
"2023-02-28 20:48","2315","4741"
"2023-02-28 20:49","2309","4748"
"2023-02-28 20:50","2312","4725"
"2023-02-28 20:50","2301","4712"
"2023-02-28 20:52","2330","4739"
"2023-02-28 20:52","2318","4701"
"2023-02-28 20:54","2345","4740"
"2023-02-28 20:55","2322","4746"
"2023-02-28 20:56","2320","4771"
"2023-02-28 20:57","2312","4794"
"2023-02-28 20:58","2313","4758"
"2023-02-28 20:59","2315","4759"
"2023-02-28 21:00","2313","4736"
"2023-02-28 21:01","2318","4697"
"2023-02-28 21:02","2340","4712"
"2023-02-28 21:03","2341","4702"
"2023-02-28 21:04","2358","4685"
"2023-02-28 21:04","2355","4680"
"2023-02-28 21:06","2366","4708"
"2023-02-28 21:06","2377","4688"
"2023-02-28 21:07","2345","4726"
"2023-02-28 21:08","2345","4732"
"2023-02-28 21:10","2351","4753"
"2023-02-28 21:11","2334","4740"
"2023-02-28 21:12","2332","4717"
"2023-02-28 21:12","2322","4696"
"2023-02-28 21:14","2323","4708"
"2023-02-28 21:15","2324","4718"
"2023-02-28 21:16","2320","4697"
"2023-02-28 21:17","2334","4729"
"2023-02-28 21:18","2351","4731"
"2023-02-28 21:19","2344","4713"
"2023-02-28 21:20","2324","4750"
"2023-02-28 21:21","2343","4754"
"2023-02-28 21:22","2319","4711"
"2023-02-28 21:23","2316","4703"
"2023-02-28 21:24","2313","4723"
"2023-02-28 21:25","2320","4701"
"2023-02-28 21:26","2321","4701"
"2023-02-28 21:27","2313","4691"
"2023-02-28 21:28","2313","4700"
"2023-02-28 21:29","2324","4678"
"2023-02-28 21:30","2324","4645"
"2023-02-28 21:31","2330","4686"
"2023-02-28 21:32","2334","4751"
"2023-02-28 21:33","2355","4707"
"2023-02-28 21:34","2374","4722"
"2023-02-28 21:35","2380","4696"
"2023-02-28 21:36","2354","4667"
"2023-02-28 21:37","2358","4637"
"2023-02-28 21:38","2374","4656"
"2023-02-28 21:39","2383","4671"
"2023-02-28 21:40","2372","4646"
"2023-02-28 21:41","2367","4644"
"2023-02-28 21:42","2360","4685"
"2023-02-28 21:43","2363","4675"
"2023-02-28 21:44","2370","4681"
"2023-02-28 21:45","2365","4715"
"2023-02-28 21:46","2358","4700"
"2023-02-28 21:47","2352","4638"
"2023-02-28 21:48","2405","4610"
"2023-02-28 21:49","2397","4632"
"2023-02-28 21:50","2391","4640"
"2023-02-28 21:51","2364","4590"
"2023-02-28 21:52","2381","4612"
"2023-02-28 21:53","2370","4602"
"2023-02-28 21:54","2384","4602"
"2023-02-28 21:55","2394","4631"
"2023-02-28 21:56","2364","4640"
"2023-02-28 21:57","2357","4628"
"2023-02-28 21:58","2356","4623"
"2023-02-28 21:58","2371","4600"
"2023-02-28 22:00","2364","4606"
"2023-02-28 22:01","2384","4627"
"2023-02-28 22:02","2382","4635"
"2023-02-28 22:03","2394","4601"
"2023-02-28 22:04","2380","4591"
"2023-02-28 22:05","2374","4596"
"2023-02-28 22:06","2364","4570"
"2023-02-28 22:07","2383","4547"
"2023-02-28 22:08","2381","4547"
"2023-02-28 22:08","2393","4561"
"2023-02-28 22:10","2411","4564"
"2023-02-28 22:11","2398","4548"
"2023-02-28 22:12","2381","4576"
"2023-02-28 22:13","2366","4582"
"2023-02-28 22:14","2369","4546"
"2023-02-28 22:15","2369","4591"
"2023-02-28 22:16","2354","4529"
"2023-02-28 22:17","2361","4521"
"2023-02-28 22:18","2366","4514"
"2023-02-28 22:19","2369","4563"
"2023-02-28 22:20","2372","4549"
"2023-02-28 22:21","2373","4570"
"2023-02-28 22:22","2369","4551"
"2023-02-28 22:23","2392","4553"
"2023-02-28 22:24","2369","4555"
"2023-02-28 22:25","2366","4566"
"2023-02-28 22:26","2361","4582"
"2023-02-28 22:27","2350","4607"
"2023-02-28 22:28","2343","4602"
"2023-02-28 22:29","2413","4590"
"2023-02-28 22:30","2372","4598"
"2023-02-28 22:31","2400","4623"
"2023-02-28 22:32","2405","4572"
"2023-02-28 22:33","2408","4557"
"2023-02-28 22:34","2419","4541"
"2023-02-28 22:34","2412","4563"
"2023-02-28 22:36","2431","4550"
"2023-02-28 22:36","2447","4565"
"2023-02-28 22:38","2405","4531"
"2023-02-28 22:39","2399","4551"
"2023-02-28 22:40","2397","4566"
"2023-02-28 22:40","2405","4586"
"2023-02-28 22:42","2385","4593"
"2023-02-28 22:43","2385","4596"
"2023-02-28 22:44","2386","4587"
"2023-02-28 22:44","2386","4585"
"2023-02-28 22:46","2386","4572"
"2023-02-28 22:47","2389","4581"
"2023-02-28 22:48","2388","4604"
"2023-02-28 22:49","2389","4636"
"2023-02-28 22:50","2392","4647"
"2023-02-28 22:51","2391","4618"
"2023-02-28 22:52","2375","4600"
"2023-02-28 22:53","2367","4596"
"2023-02-28 22:54","2390","4577"
"2023-02-28 22:55","2395","4610"
"2023-02-28 22:56","2372","4583"
"2023-02-28 22:56","2383","4560"
"2023-02-28 22:58","2393","4571"
"2023-02-28 22:58","2397","4586"
"2023-02-28 23:00","2388","4631"
"2023-02-28 23:01","2394","4647"
"2023-02-28 23:02","2382","4654"
"2023-02-28 23:03","2375","4656"
"2023-02-28 23:04","2390","4675"
"2023-02-28 23:05","2395","4711"
"2023-02-28 23:06","2382","4718"
"2023-02-28 23:07","2383","4724"
"2023-02-28 23:08","2395","4715"
"2023-02-28 23:09","2420","4735"
"2023-02-28 23:10","2405","4769"
"2023-02-28 23:11","2385","4748"
"2023-02-28 23:12","2378","4740"
"2023-02-28 23:12","2410","4785"
"2023-02-28 23:14","2440","4764"
"2023-02-28 23:15","2417","4720"
"2023-02-28 23:16","2419","4723"
"2023-02-28 23:17","2415","4760"
"2023-02-28 23:18","2380","4777"
"2023-02-28 23:19","2385","4818"
"2023-02-28 23:20","2391","4818"
"2023-02-28 23:21","2395","4790"
"2023-02-28 23:22","2397","4799"
"2023-02-28 23:23","2420","4754"
"2023-02-28 23:24","2420","4741"
"2023-02-28 23:25","2445","4789"
"2023-02-28 23:26","2439","4808"
"2023-02-28 23:27","2439","4779"
"2023-02-28 23:28","2398","4734"
"2023-02-28 23:29","2413","4764"
"2023-02-28 23:30","2439","4818"
"2023-02-28 23:31","2404","4801"
"2023-02-28 23:32","2384","4762"
"2023-02-28 23:33","2400","4761"
"2023-02-28 23:34","2402","4751"
"2023-02-28 23:35","2415","4750"
"2023-02-28 23:36","2424","4733"
"2023-02-28 23:37","2405","4719"
"2023-02-28 23:38","2410","4725"
"2023-02-28 23:39","2413","4764"
"2023-02-28 23:40","2414","4785"
"2023-02-28 23:40","2404","4790"
"2023-02-28 23:42","2418","4812"
"2023-02-28 23:43","2427","4826"
"2023-02-28 23:44","2414","4813"
"2023-02-28 23:45","2402","4814"
"2023-02-28 23:46","2410","4813"
"2023-02-28 23:47","2386","4799"
"2023-02-28 23:48","2437","4801"
"2023-02-28 23:49","2420","4763"
"2023-02-28 23:50","2422","4765"
"2023-02-28 23:51","2422","4790"
"2023-02-28 23:52","2423","4769"
"2023-02-28 23:53","2418","4755"
"2023-02-28 23:54","2420","4764"
"2023-02-28 23:55","2408","4746"
"2023-02-28 23:56","2397","4762"
"2023-02-28 23:57","2381","4764"
"2023-02-28 23:58","2393","4741"
"2023-02-28 23:59","2411","4748"
